objectId;error;detail
wp_94_Normalized;/Server error;Server error
wp_96_Normalized;/Server error;Server error
wp_53_Normalized;/Server error;Server error
wp_83_Normalized;/Server error;Server error
wp_8_Normalized;/Server error;Server error
wp_4_Normalized;/Server error;Server error
wp_26_Normalized;/Server error;Server error
wp_0_Normalized;/Server error;Server error
wp_27_Normalized;/Server error;Server error
wp_15_Normalized;/Server error;Server error
wp_6_Normalized;/Server error;Server error
wp_98_Normalized;/Server error;Server error
wp_123_Normalized;/Server error;Server error
wp_7_Normalized;/Server error;Server error
wp_3_Normalized;/Server error;Server error
wp_17_Normalized;/Server error;Server error
