objectId,inSize,totalTime,generated
kb_505_Normalized,123,119,True
kb_504_Normalized,123,122,True
kb_503_Normalized,123,123,True
kb_660_Normalized,135,117,True
kb_659_Normalized,135,131,True
kb_563_Normalized,137,126,True
kb_562_Normalized,137,121,True
kb_502_Normalized,158,120,True
kb_501_Normalized,158,117,True
kb_500_Normalized,158,120,True
kb_493_Normalized,188,116,True
kb_492_Normalized,188,119,True
kb_491_Normalized,188,128,True
kb_499_Normalized,197,119,True
kb_498_Normalized,197,122,True
kb_497_Normalized,197,120,True
kb_960_Normalized,242,121,True
kb_959_Normalized,242,122,True
kb_958_Normalized,242,119,True
kb_1063_Normalized,246,122,True
kb_1062_Normalized,246,116,True
kb_872_Normalized,337,119,True
kb_871_Normalized,337,124,True
kb_870_Normalized,337,122,True
kb_919_Normalized,351,121,True
kb_917_Normalized,361,116,True
kb_916_Normalized,361,118,True
kb_920_Normalized,362,117,True
kb_918_Normalized,362,118,True
kb_12_Normalized,382,114,True
kb_11_Normalized,382,115,True
kb_9_Normalized,385,116,True
kb_8_Normalized,385,119,True
kb_7_Normalized,385,116,True
kb_224_Normalized,391,115,True
kb_223_Normalized,391,120,True
kb_341_Normalized,396,122,True
kb_340_Normalized,396,130,True
kb_339_Normalized,396,116,True
kb_1093_Normalized,398,127,True
kb_1092_Normalized,398,119,True
kb_704_Normalized,399,122,True
kb_703_Normalized,399,116,True
kb_464_Normalized,402,117,True
kb_463_Normalized,402,126,True
kb_716_Normalized,417,129,True
kb_715_Normalized,417,117,True
kb_706_Normalized,437,122,True
kb_705_Normalized,437,116,True
kb_361_Normalized,440,117,True
kb_360_Normalized,440,118,True
kb_883_Normalized,441,116,True
kb_542_Normalized,444,119,True
kb_541_Normalized,444,119,True
kb_773_Normalized,447,117,True
kb_772_Normalized,447,124,True
kb_10_Normalized,447,117,True
kb_885_Normalized,461,122,True
kb_884_Normalized,461,119,True
kb_882_Normalized,461,119,True
kb_334_Normalized,500,123,True
kb_333_Normalized,500,119,True
kb_219_Normalized,500,118,True
kb_218_Normalized,500,126,True
kb_217_Normalized,500,120,True
kb_1057_Normalized,515,130,True
kb_1056_Normalized,515,121,True
kb_299_Normalized,518,124,True
kb_298_Normalized,518,132,True
kb_297_Normalized,518,123,True
kb_384_Normalized,523,118,True
kb_383_Normalized,523,118,True
kb_755_Normalized,524,117,True
kb_754_Normalized,524,121,True
kb_424_Normalized,526,115,True
kb_423_Normalized,526,116,True
kb_132_Normalized,527,114,True
kb_131_Normalized,527,113,True
kb_82_Normalized,531,116,True
kb_81_Normalized,531,115,True
kb_636_Normalized,551,115,True
kb_635_Normalized,551,117,True
kb_634_Normalized,551,122,True
kb_609_Normalized,559,119,True
kb_608_Normalized,559,115,True
kb_42_Normalized,584,117,True
kb_41_Normalized,584,130,True
kb_580_Normalized,591,122,True
kb_579_Normalized,591,131,True
kb_944_Normalized,613,117,True
kb_943_Normalized,613,119,True
kb_433_Normalized,613,116,True
kb_432_Normalized,613,115,True
kb_643_Normalized,618,119,True
kb_642_Normalized,618,117,True
kb_1156_Normalized,641,117,True
kb_1155_Normalized,641,117,True
kb_1126_Normalized,648,125,True
kb_1125_Normalized,648,127,True
kb_431_Normalized,668,119,True
kb_411_Normalized,684,130,True
kb_410_Normalized,684,114,True
kb_975_Normalized,687,116,True
kb_974_Normalized,687,120,True
kb_1137_Normalized,687,118,True
kb_1136_Normalized,687,117,True
kb_682_Normalized,688,115,True
kb_681_Normalized,688,117,True
kb_1135_Normalized,697,117,True
kb_416_Normalized,703,116,True
kb_415_Normalized,703,120,True
kb_936_Normalized,708,123,True
kb_935_Normalized,708,118,True
kb_538_Normalized,711,117,True
kb_537_Normalized,711,118,True
kb_108_Normalized,720,117,True
kb_107_Normalized,720,115,True
kb_62_Normalized,736,118,True
kb_61_Normalized,736,118,True
kb_359_Normalized,747,118,True
kb_358_Normalized,747,117,True
kb_351_Normalized,757,117,True
kb_350_Normalized,757,117,True
kb_414_Normalized,764,118,True
kb_122_Normalized,764,116,True
kb_121_Normalized,764,117,True
kb_110_Normalized,767,115,True
kb_109_Normalized,767,116,True
kb_386_Normalized,770,117,True
kb_385_Normalized,770,116,True
kb_353_Normalized,775,119,True
kb_352_Normalized,775,116,True
kb_745_Normalized,777,142,True
kb_744_Normalized,777,117,True
kb_128_Normalized,793,122,True
kb_127_Normalized,793,116,True
kb_869_Normalized,796,116,True
kb_868_Normalized,796,119,True
kb_867_Normalized,796,120,True
kb_866_Normalized,796,119,True
kb_338_Normalized,805,128,True
kb_337_Normalized,805,118,True
kb_413_Normalized,808,117,True
kb_412_Normalized,808,130,True
kb_967_Normalized,819,117,True
kb_966_Normalized,819,117,True
kb_938_Normalized,825,122,True
kb_937_Normalized,825,120,True
kb_547_Normalized,827,126,True
kb_546_Normalized,827,127,True
kb_1082_Normalized,831,117,True
kb_1081_Normalized,831,127,True
kb_989_Normalized,837,118,True
kb_987_Normalized,837,128,True
kb_986_Normalized,837,115,True
kb_56_Normalized,849,118,True
kb_55_Normalized,849,132,True
kb_60_Normalized,858,117,True
kb_59_Normalized,858,123,True
kb_925_Normalized,881,116,True
kb_923_Normalized,881,117,True
kb_15_Normalized,896,128,True
kb_14_Normalized,896,127,True
kb_158_Normalized,912,118,True
kb_157_Normalized,912,118,True
kb_156_Normalized,912,118,True
kb_155_Normalized,912,119,True
kb_656_Normalized,914,119,True
kb_655_Normalized,914,118,True
kb_654_Normalized,914,132,True
kb_1075_Normalized,937,129,True
kb_1074_Normalized,937,132,True
kb_1073_Normalized,937,124,True
kb_753_Normalized,948,116,True
kb_752_Normalized,948,117,True
kb_619_Normalized,949,117,True
kb_618_Normalized,949,117,True
kb_962_Normalized,950,122,True
kb_961_Normalized,950,125,True
kb_680_Normalized,950,118,True
kb_679_Normalized,950,119,True
kb_13_Normalized,959,119,True
kb_674_Normalized,964,120,True
kb_673_Normalized,964,123,True
kb_1088_Normalized,975,116,True
kb_1087_Normalized,975,115,True
kb_1061_Normalized,1042,122,True
kb_1060_Normalized,1042,120,True
kb_641_Normalized,1046,119,True
kb_640_Normalized,1046,119,True
kb_639_Normalized,1046,131,True
kb_418_Normalized,1054,121,True
kb_417_Normalized,1054,120,True
kb_1069_Normalized,1069,124,True
kb_1068_Normalized,1069,116,True
kb_473_Normalized,1073,116,True
kb_472_Normalized,1073,115,True
kb_1128_Normalized,1077,125,True
kb_600_Normalized,1078,126,True
kb_599_Normalized,1078,119,True
kb_1130_Normalized,1078,114,True
kb_1129_Normalized,1078,121,True
kb_1127_Normalized,1078,116,True
kb_995_Normalized,1094,130,True
kb_994_Normalized,1094,128,True
kb_605_Normalized,1097,116,True
kb_604_Normalized,1097,116,True
kb_99_Normalized,1098,115,True
kb_100_Normalized,1098,115,True
kb_471_Normalized,1100,115,True
kb_54_Normalized,1112,124,True
kb_53_Normalized,1112,119,True
kb_1141_Normalized,1123,123,True
kb_1140_Normalized,1123,114,True
kb_906_Normalized,1142,117,True
kb_905_Normalized,1142,125,True
kb_904_Normalized,1142,119,True
kb_985_Normalized,1145,116,True
kb_984_Normalized,1145,118,True
kb_988_Normalized,1148,117,True
kb_983_Normalized,1148,122,True
kb_982_Normalized,1148,118,True
kb_382_Normalized,1153,119,True
kb_381_Normalized,1153,116,True
kb_460_Normalized,1157,121,True
kb_462_Normalized,1162,122,True
kb_461_Normalized,1162,120,True
kb_1160_Normalized,1181,122,True
kb_1159_Normalized,1181,116,True
kb_828_Normalized,1206,121,True
kb_827_Normalized,1206,118,True
kb_331_Normalized,1213,117,True
kb_507_Normalized,1221,117,True
kb_506_Normalized,1221,122,True
kb_598_Normalized,1234,118,True
kb_378_Normalized,1238,117,True
kb_377_Normalized,1238,117,True
kb_930_Normalized,1247,117,True
kb_929_Normalized,1247,116,True
kb_300_Normalized,1280,117,True
kb_1023_Normalized,1280,120,True
kb_1022_Normalized,1280,118,True
kb_625_Normalized,1327,119,True
kb_624_Normalized,1327,117,True
kb_511_Normalized,1333,132,True
kb_510_Normalized,1333,118,True
kb_70_Normalized,1343,122,True
kb_69_Normalized,1343,119,True
kb_332_Normalized,1345,130,True
kb_330_Normalized,1345,121,True
kb_844_Normalized,1369,123,True
kb_843_Normalized,1369,121,True
kb_576_Normalized,1402,128,True
kb_575_Normalized,1402,121,True
kb_561_Normalized,1411,119,True
kb_560_Normalized,1411,118,True
kb_302_Normalized,1417,118,True
kb_435_Normalized,1429,117,True
kb_434_Normalized,1429,118,True
kb_540_Normalized,1430,118,True
kb_539_Normalized,1430,127,True
kb_1049_Normalized,1433,120,True
kb_1048_Normalized,1433,131,True
kb_1047_Normalized,1433,117,True
kb_1019_Normalized,1453,125,True
kb_1016_Normalized,1453,120,True
kb_789_Normalized,1455,118,True
kb_788_Normalized,1455,131,True
kb_924_Normalized,1479,134,True
kb_922_Normalized,1491,122,True
kb_921_Normalized,1491,119,True
kb_1040_Normalized,1502,120,True
kb_1039_Normalized,1502,120,True
kb_1037_Normalized,1502,119,True
kb_876_Normalized,1519,118,True
kb_875_Normalized,1519,118,True
kb_874_Normalized,1519,117,True
kb_873_Normalized,1519,117,True
kb_291_Normalized,1522,120,True
kb_290_Normalized,1522,118,True
kb_1091_Normalized,1522,122,True
kb_1090_Normalized,1522,120,True
kb_1089_Normalized,1522,118,True
kb_1038_Normalized,1529,116,True
kb_380_Normalized,1552,118,True
kb_379_Normalized,1552,116,True
kb_977_Normalized,1560,117,True
kb_976_Normalized,1560,114,True
kb_124_Normalized,1567,116,True
kb_123_Normalized,1567,118,True
kb_1059_Normalized,1610,115,True
kb_1058_Normalized,1610,117,True
kb_114_Normalized,1626,116,True
kb_113_Normalized,1626,115,True
kb_846_Normalized,1629,117,True
kb_845_Normalized,1629,122,True
kb_638_Normalized,1655,116,True
kb_637_Normalized,1655,113,True
kb_374_Normalized,1658,129,True
kb_373_Normalized,1658,129,True
kb_232_Normalized,1672,126,True
kb_231_Normalized,1672,121,True
kb_230_Normalized,1672,120,True
kb_229_Normalized,1672,121,True
kb_1003_Normalized,1678,116,True
kb_1002_Normalized,1678,123,True
kb_1001_Normalized,1678,125,True
kb_1000_Normalized,1678,119,True
kb_801_Normalized,1681,126,True
kb_800_Normalized,1681,128,True
kb_799_Normalized,1681,131,True
kb_798_Normalized,1681,134,True
kb_1055_Normalized,1701,118,True
kb_1054_Normalized,1701,121,True
kb_1084_Normalized,1703,116,True
kb_1083_Normalized,1703,124,True
kb_895_Normalized,1713,118,True
kb_894_Normalized,1713,116,True
kb_817_Normalized,1714,124,True
kb_816_Normalized,1714,118,True
kb_52_Normalized,1714,121,True
kb_51_Normalized,1714,119,True
kb_892_Normalized,1715,128,True
kb_891_Normalized,1715,127,True
kb_303_Normalized,1717,127,True
kb_301_Normalized,1717,130,True
kb_29_Normalized,1720,127,True
kb_28_Normalized,1720,118,True
kb_27_Normalized,1720,126,True
kb_365_Normalized,1723,131,True
kb_364_Normalized,1723,122,True
kb_769_Normalized,1741,131,True
kb_768_Normalized,1741,125,True
kb_559_Normalized,1760,124,True
kb_558_Normalized,1760,118,True
kb_397_Normalized,1764,122,True
kb_396_Normalized,1764,127,True
kb_395_Normalized,1764,128,True
kb_787_Normalized,1773,119,True
kb_786_Normalized,1773,119,True
kb_349_Normalized,1783,120,True
kb_348_Normalized,1783,127,True
kb_965_Normalized,1790,132,True
kb_964_Normalized,1790,120,True
kb_520_Normalized,1808,125,True
kb_519_Normalized,1808,131,True
kb_518_Normalized,1808,127,True
kb_195_Normalized,1833,133,True
kb_194_Normalized,1833,131,True
kb_193_Normalized,1833,124,True
kb_963_Normalized,1860,129,True
kb_785_Normalized,1868,131,True
kb_784_Normalized,1868,121,True
kb_1132_Normalized,1892,123,True
kb_1131_Normalized,1892,131,True
kb_481_Normalized,1896,115,True
kb_480_Normalized,1896,127,True
kb_613_Normalized,1903,124,True
kb_612_Normalized,1903,124,True
kb_829_Normalized,1906,124,True
kb_260_Normalized,1920,115,True
kb_259_Normalized,1920,132,True
kb_258_Normalized,1920,123,True
kb_257_Normalized,1920,120,True
kb_256_Normalized,1920,116,True
kb_666_Normalized,1921,121,True
kb_665_Normalized,1921,128,True
kb_932_Normalized,1942,123,True
kb_931_Normalized,1942,127,True
kb_658_Normalized,1948,118,True
kb_657_Normalized,1948,119,True
kb_50_Normalized,1966,118,True
kb_49_Normalized,1966,120,True
kb_459_Normalized,1966,123,True
kb_458_Normalized,1966,124,True
kb_457_Normalized,1966,122,True
kb_993_Normalized,1986,120,True
kb_992_Normalized,1986,118,True
kb_832_Normalized,2009,132,True
kb_1080_Normalized,2010,121,True
kb_1079_Normalized,2010,120,True
kb_376_Normalized,2028,117,True
kb_375_Normalized,2028,119,True
kb_826_Normalized,2054,125,True
kb_825_Normalized,2054,116,True
kb_824_Normalized,2054,117,True
kb_186_Normalized,2063,121,True
kb_185_Normalized,2063,120,True
kb_184_Normalized,2063,119,True
kb_406_Normalized,2065,117,True
kb_216_Normalized,2091,123,True
kb_215_Normalized,2091,116,True
kb_214_Normalized,2091,117,True
kb_849_Normalized,2107,118,True
kb_848_Normalized,2107,115,True
kb_847_Normalized,2107,120,True
kb_702_Normalized,2122,120,True
kb_701_Normalized,2122,127,True
kb_692_Normalized,2129,127,True
kb_691_Normalized,2129,117,True
kb_615_Normalized,2165,118,True
kb_614_Normalized,2165,120,True
kb_130_Normalized,2170,120,True
kb_129_Normalized,2170,119,True
kb_447_Normalized,2175,119,True
kb_446_Normalized,2175,127,True
kb_881_Normalized,2176,120,True
kb_880_Normalized,2176,119,True
kb_879_Normalized,2176,129,True
kb_878_Normalized,2176,118,True
kb_877_Normalized,2176,135,True
kb_80_Normalized,2194,123,True
kb_79_Normalized,2194,120,True
kb_76_Normalized,2219,121,False
kb_75_Normalized,2219,118,True
kb_78_Normalized,2329,115,True
kb_77_Normalized,2329,131,True
kb_201_Normalized,2372,127,True
kb_200_Normalized,2372,129,True
kb_199_Normalized,2372,118,True
kb_248_Normalized,2376,128,True
kb_245_Normalized,2376,127,True
kb_441_Normalized,2392,123,True
kb_440_Normalized,2392,117,True
kb_439_Normalized,2392,120,True
kb_357_Normalized,2401,118,True
kb_356_Normalized,2401,121,True
kb_582_Normalized,2414,129,True
kb_581_Normalized,2414,119,True
kb_627_Normalized,2429,120,True
kb_626_Normalized,2429,123,True
kb_317_Normalized,2458,130,True
kb_316_Normalized,2458,122,True
kb_653_Normalized,2468,119,True
kb_652_Normalized,2468,121,True
kb_1035_Normalized,2468,123,True
kb_1034_Normalized,2468,123,True
kb_371_Normalized,2477,120,True
kb_370_Normalized,2477,128,True
kb_36_Normalized,2501,122,True
kb_422_Normalized,2506,136,True
kb_421_Normalized,2506,118,True
kb_38_Normalized,2511,134,True
kb_37_Normalized,2511,127,True
kb_834_Normalized,2550,127,True
kb_833_Normalized,2550,122,True
kb_777_Normalized,2552,119,True
kb_776_Normalized,2552,118,True
kb_355_Normalized,2563,117,True
kb_354_Normalized,2563,120,True
kb_183_Normalized,2643,122,True
kb_182_Normalized,2643,124,True
kb_747_Normalized,2678,122,True
kb_746_Normalized,2678,117,True
kb_1067_Normalized,2708,115,True
kb_1066_Normalized,2708,119,True
kb_509_Normalized,2744,123,True
kb_508_Normalized,2744,118,True
kb_536_Normalized,2752,134,True
kb_535_Normalized,2752,121,True
kb_66_Normalized,2765,121,True
kb_65_Normalized,2765,117,True
kb_749_Normalized,2784,118,True
kb_748_Normalized,2784,115,True
kb_402_Normalized,2806,118,True
kb_633_Normalized,2808,116,True
kb_632_Normalized,2808,119,True
kb_889_Normalized,2858,120,True
kb_888_Normalized,2858,117,True
kb_887_Normalized,2858,118,True
kb_64_Normalized,2900,117,True
kb_63_Normalized,2900,119,True
kb_942_Normalized,2942,122,True
kb_941_Normalized,2942,117,True
kb_528_Normalized,2991,119,True
kb_527_Normalized,2991,120,True
kb_831_Normalized,2997,118,True
kb_830_Normalized,2997,119,True
kb_1121_Normalized,3005,120,True
kb_74_Normalized,3010,118,True
kb_73_Normalized,3010,118,True
kb_1124_Normalized,3020,119,True
kb_1123_Normalized,3020,122,True
kb_1122_Normalized,3022,124,True
kb_116_Normalized,3040,117,True
kb_115_Normalized,3040,117,True
kb_283_Normalized,3058,128,True
kb_279_Normalized,3058,119,True
kb_420_Normalized,3084,116,True
kb_419_Normalized,3084,122,True
kb_534_Normalized,3133,123,True
kb_533_Normalized,3133,119,True
kb_1076_Normalized,3171,119,True
kb_1078_Normalized,3181,119,True
kb_1077_Normalized,3181,118,True
kb_700_Normalized,3214,114,True
kb_699_Normalized,3214,122,True
kb_981_Normalized,3232,118,True
kb_980_Normalized,3232,118,True
kb_915_Normalized,3255,119,True
kb_914_Normalized,3255,123,True
kb_623_Normalized,3275,124,True
kb_622_Normalized,3275,141,True
kb_549_Normalized,3292,136,True
kb_548_Normalized,3292,121,True
kb_836_Normalized,3298,120,True
kb_835_Normalized,3298,121,True
kb_173_Normalized,3318,119,True
kb_172_Normalized,3318,120,True
kb_1036_Normalized,3318,117,True
kb_171_Normalized,3338,121,True
kb_928_Normalized,3389,124,True
kb_927_Normalized,3389,123,True
kb_926_Normalized,3389,122,True
kb_913_Normalized,3399,116,True
kb_912_Normalized,3399,117,True
kb_793_Normalized,3404,120,True
kb_792_Normalized,3404,122,True
kb_757_Normalized,3408,128,True
kb_756_Normalized,3408,121,True
kb_1151_Normalized,3456,122,True
kb_1147_Normalized,3456,120,True
kb_1148_Normalized,3466,122,True
kb_1149_Normalized,3486,119,True
kb_1152_Normalized,3496,118,True
kb_1150_Normalized,3496,118,True
kb_5_Normalized,3528,118,True
kb_4_Normalized,3528,122,True
kb_3_Normalized,3528,119,True
kb_2_Normalized,3528,128,True
kb_791_Normalized,3539,120,True
kb_790_Normalized,3539,128,True
kb_167_Normalized,3541,127,True
kb_166_Normalized,3541,114,True
kb_946_Normalized,3561,119,True
kb_945_Normalized,3561,122,True
kb_952_Normalized,3562,118,True
kb_954_Normalized,3582,120,True
kb_953_Normalized,3582,123,True
kb_165_Normalized,3606,126,True
kb_154_Normalized,3626,129,True
kb_153_Normalized,3626,120,True
kb_152_Normalized,3626,121,True
kb_118_Normalized,3644,122,True
kb_117_Normalized,3644,117,True
kb_551_Normalized,3674,119,True
kb_550_Normalized,3674,122,True
kb_532_Normalized,3704,125,True
kb_531_Normalized,3704,122,True
kb_296_Normalized,3708,114,True
kb_295_Normalized,3708,126,True
kb_40_Normalized,3712,120,True
kb_21_Normalized,3722,114,True
kb_20_Normalized,3722,115,True
kb_39_Normalized,3770,116,True
kb_1134_Normalized,3853,123,True
kb_1133_Normalized,3853,121,True
kb_477_Normalized,3883,126,True
kb_476_Normalized,3883,119,True
kb_1025_Normalized,3885,119,True
kb_1024_Normalized,3885,121,True
kb_842_Normalized,3890,148,True
kb_841_Normalized,3890,125,True
kb_287_Normalized,3895,123,True
kb_286_Normalized,3895,120,True
kb_813_Normalized,3923,124,True
kb_810_Normalized,3923,124,True
kb_211_Normalized,4044,133,True
kb_475_Normalized,4046,122,True
kb_474_Normalized,4046,119,True
kb_823_Normalized,4057,118,True
kb_822_Normalized,4057,120,True
kb_213_Normalized,4064,117,True
kb_212_Normalized,4064,124,True
kb_672_Normalized,4171,122,True
kb_671_Normalized,4171,122,True
kb_487_Normalized,4185,117,True
kb_486_Normalized,4185,130,True
kb_179_Normalized,4188,127,True
kb_178_Normalized,4188,120,True
kb_177_Normalized,4198,122,True
kb_394_Normalized,4269,128,True
kb_393_Normalized,4269,123,True
kb_1033_Normalized,4338,125,True
kb_1032_Normalized,4338,128,True
kb_126_Normalized,4431,137,True
kb_125_Normalized,4431,120,True
kb_731_Normalized,4470,128,True
kb_345_Normalized,4479,120,True
kb_688_Normalized,4496,117,True
kb_687_Normalized,4496,118,True
kb_728_Normalized,4516,126,True
kb_698_Normalized,4527,123,True
kb_697_Normalized,4527,120,True
kb_181_Normalized,4557,118,True
kb_180_Normalized,4557,117,True
kb_427_Normalized,4595,118,True
kb_426_Normalized,4595,122,True
kb_425_Normalized,4595,118,True
kb_342_Normalized,4649,120,True
kb_285_Normalized,4681,122,True
kb_284_Normalized,4681,119,True
kb_33_Normalized,4859,117,True
kb_35_Normalized,4869,121,True
kb_34_Normalized,4869,131,False
kb_278_Normalized,4890,126,True
kb_274_Normalized,4890,121,True
kb_524_Normalized,4891,121,True
kb_523_Normalized,4891,122,True
kb_1154_Normalized,4939,124,True
kb_1153_Normalized,4939,118,True
kb_1044_Normalized,4972,124,True
kb_1046_Normalized,4990,120,True
kb_1045_Normalized,4990,122,True
kb_1015_Normalized,5014,118,True
kb_1012_Normalized,5014,116,True
kb_17_Normalized,5115,119,True
kb_1146_Normalized,5119,121,True
kb_1145_Normalized,5119,119,True
kb_16_Normalized,5173,125,True
kb_388_Normalized,5289,120,True
kb_387_Normalized,5289,127,True
kb_321_Normalized,5313,126,True
kb_320_Normalized,5313,124,True
kb_289_Normalized,5379,131,True
kb_288_Normalized,5379,117,True
kb_1158_Normalized,5399,115,True
kb_1157_Normalized,5399,125,True
kb_1050_Normalized,5402,133,True
kb_1052_Normalized,5422,120,True
kb_1051_Normalized,5422,128,True
kb_430_Normalized,5540,127,True
kb_429_Normalized,5540,130,True
kb_428_Normalized,5540,123,True
kb_244_Normalized,5575,118,True
kb_241_Normalized,5575,117,True
kb_23_Normalized,5628,117,True
kb_189_Normalized,5637,127,True
kb_188_Normalized,5637,127,True
kb_597_Normalized,5657,123,True
kb_596_Normalized,5657,128,True
kb_1086_Normalized,5682,122,True
kb_1085_Normalized,5682,123,True
kb_22_Normalized,5686,120,True
kb_617_Normalized,5895,122,True
kb_616_Normalized,5895,121,True
kb_646_Normalized,5986,121,True
kb_294_Normalized,6001,131,True
kb_293_Normalized,6001,122,True
kb_649_Normalized,6023,131,True
kb_205_Normalized,6068,134,True
kb_207_Normalized,6088,138,True
kb_206_Normalized,6088,118,True
kb_611_Normalized,6136,125,True
kb_610_Normalized,6136,125,True
kb_187_Normalized,6210,133,True
kb_347_Normalized,6215,122,True
kb_346_Normalized,6215,119,True
kb_733_Normalized,6259,122,True
kb_732_Normalized,6259,118,True
kb_629_Normalized,6462,122,True
kb_628_Normalized,6462,135,True
kb_775_Normalized,6469,120,True
kb_774_Normalized,6469,118,True
kb_903_Normalized,6553,120,True
kb_902_Normalized,6553,118,True
kb_344_Normalized,6649,126,True
kb_343_Normalized,6649,130,True
kb_730_Normalized,6670,122,True
kb_729_Normalized,6670,125,True
kb_319_Normalized,6800,117,True
kb_318_Normalized,6800,119,True
kb_48_Normalized,6928,123,True
kb_47_Normalized,6928,122,True
kb_19_Normalized,6994,119,True
kb_779_Normalized,7046,122,True
kb_778_Normalized,7046,119,True
kb_18_Normalized,7052,116,True
kb_315_Normalized,7232,121,True
kb_314_Normalized,7232,119,True
kb_522_Normalized,7313,121,True
kb_521_Normalized,7313,126,True
kb_134_Normalized,7390,126,True
kb_133_Normalized,7390,121,True
kb_948_Normalized,7407,121,True
kb_947_Normalized,7407,118,True
kb_651_Normalized,7505,125,True
kb_650_Normalized,7505,123,True
kb_686_Normalized,7559,118,True
kb_685_Normalized,7559,120,True
kb_690_Normalized,7589,124,True
kb_689_Normalized,7589,120,True
kb_453_Normalized,7726,122,True
kb_452_Normalized,7726,131,True
kb_451_Normalized,7726,121,True
kb_718_Normalized,7799,129,True
kb_717_Normalized,7799,124,True
kb_648_Normalized,7836,129,True
kb_647_Normalized,7836,122,True
kb_1143_Normalized,8401,120,True
kb_1142_Normalized,8401,119,True
kb_670_Normalized,8706,133,True
kb_669_Normalized,8706,119,True
kb_588_Normalized,8773,124,True
kb_587_Normalized,8773,117,True
kb_591_Normalized,8779,123,True
kb_590_Normalized,8779,129,True
kb_1021_Normalized,9852,126,True
kb_1020_Normalized,9910,127,True
kb_250_Normalized,10339,121,True
kb_751_Normalized,10864,121,True
kb_750_Normalized,10864,118,True
kb_454_Normalized,11555,123,True
kb_456_Normalized,11560,123,True
kb_455_Normalized,11560,117,True
kb_249_Normalized,12366,117,True
kb_1139_Normalized,12451,123,True
kb_1138_Normalized,12451,121,True
kb_557_Normalized,13219,118,True
kb_556_Normalized,13219,123,True
kb_555_Normalized,13553,124,True
kb_552_Normalized,13673,121,True
kb_781_Normalized,13827,135,True
kb_780_Normalized,13827,119,True
kb_554_Normalized,13870,130,True
kb_553_Normalized,13870,123,True
kb_603_Normalized,14271,119,True
kb_602_Normalized,14271,122,True
kb_991_Normalized,14375,130,True
kb_990_Normalized,14375,123,True
kb_1144_Normalized,14409,117,True
kb_369_Normalized,14543,137,True
kb_368_Normalized,14543,127,True
kb_220_Normalized,15548,129,True
kb_222_Normalized,15708,139,True
kb_221_Normalized,15708,122,True
kb_403_Normalized,16213,119,True
kb_1096_Normalized,16413,127,True
kb_1095_Normalized,16413,121,True
kb_645_Normalized,16434,121,True
kb_644_Normalized,16434,129,True
kb_1094_Normalized,16447,136,True
kb_737_Normalized,16719,119,True
kb_736_Normalized,16719,140,True
kb_1_Normalized,17110,136,True
kb_0_Normalized,17110,127,True
kb_566_Normalized,17586,127,True
kb_565_Normalized,17586,124,True
kb_564_Normalized,17620,128,True
kb_409_Normalized,17781,124,True
kb_408_Normalized,17781,126,True
kb_407_Normalized,18115,123,True
kb_631_Normalized,19216,120,True
kb_630_Normalized,19216,126,True
kb_102_Normalized,19511,121,True
kb_106_Normalized,19553,137,True
kb_101_Normalized,19569,122,True
kb_758_Normalized,19576,119,True
kb_761_Normalized,19607,121,True
kb_105_Normalized,19611,123,True
kb_760_Normalized,19688,117,True
kb_759_Normalized,19690,124,True
kb_934_Normalized,19714,120,True
kb_933_Normalized,19772,140,False
kb_911_Normalized,20013,121,True
kb_514_Normalized,20071,119,True
kb_909_Normalized,20083,121,True
kb_512_Normalized,20134,122,True
kb_513_Normalized,20154,124,True
kb_138_Normalized,20621,129,True
kb_58_Normalized,20674,131,True
kb_135_Normalized,20684,136,True
kb_57_Normalized,20732,119,True
kb_850_Normalized,20733,118,True
kb_137_Normalized,20837,131,True
kb_136_Normalized,20842,132,True
kb_443_Normalized,20846,121,True
kb_851_Normalized,20863,119,True
kb_853_Normalized,20876,121,True
kb_442_Normalized,20927,123,True
kb_852_Normalized,20965,121,True
kb_87_Normalized,21167,125,True
kb_90_Normalized,21228,134,True
kb_89_Normalized,21317,127,True
kb_854_Normalized,21335,124,True
kb_574_Normalized,21345,135,True
kb_88_Normalized,21350,121,True
kb_857_Normalized,21389,134,True
kb_405_Normalized,21390,123,True
kb_404_Normalized,21390,122,True
kb_573_Normalized,21403,125,True
kb_727_Normalized,21468,120,True
kb_726_Normalized,21468,124,True
kb_856_Normalized,21478,123,True
kb_855_Normalized,21511,122,True
kb_1065_Normalized,21739,125,True
kb_1064_Normalized,21819,122,True
kb_526_Normalized,22034,124,True
kb_525_Normalized,22092,125,True
kb_159_Normalized,22430,123,True
kb_1028_Normalized,22506,124,True
kb_161_Normalized,22534,122,True
kb_1026_Normalized,22574,117,True
kb_1027_Normalized,22584,125,True
kb_160_Normalized,22612,124,True
kb_971_Normalized,22626,127,True
kb_1072_Normalized,22642,135,True
kb_970_Normalized,22684,140,True
kb_1070_Normalized,22687,126,True
kb_1071_Normalized,22727,132,True
kb_168_Normalized,22984,124,True
kb_170_Normalized,23040,122,True
kb_68_Normalized,23055,129,True
kb_169_Normalized,23118,128,True
kb_67_Normalized,23138,117,True
kb_389_Normalized,23303,119,True
kb_838_Normalized,23686,119,True
kb_837_Normalized,23744,125,True
kb_951_Normalized,23875,121,True
kb_949_Normalized,23909,122,True
kb_950_Normalized,23959,125,True
kb_112_Normalized,24352,118,True
kb_898_Normalized,24370,132,True
kb_111_Normalized,24410,116,True
kb_897_Normalized,24445,125,True
kb_762_Normalized,24522,127,True
kb_940_Normalized,24538,122,True
kb_104_Normalized,24545,120,True
kb_765_Normalized,24568,117,True
kb_939_Normalized,24596,127,True
kb_103_Normalized,24603,126,True
kb_208_Normalized,24611,125,True
kb_764_Normalized,24649,132,True
kb_763_Normalized,24654,128,True
kb_1043_Normalized,24827,136,True
kb_83_Normalized,24853,130,True
kb_957_Normalized,24856,127,True
kb_1041_Normalized,24863,124,True
kb_955_Normalized,24890,128,True
kb_1042_Normalized,24911,128,True
kb_956_Normalized,24940,126,True
kb_84_Normalized,25002,125,True
kb_86_Normalized,25013,127,True
kb_517_Normalized,25083,134,True
kb_545_Normalized,25094,126,True
kb_44_Normalized,25097,119,True
kb_85_Normalized,25102,122,True
kb_543_Normalized,25130,127,True
kb_515_Normalized,25131,116,True
kb_516_Normalized,25166,129,True
kb_544_Normalized,25178,129,True
kb_43_Normalized,25186,120,True
kb_210_Normalized,25344,132,True
kb_209_Normalized,25344,125,True
kb_896_Normalized,25441,122,True
kb_862_Normalized,25570,118,True
kb_26_Normalized,25576,121,True
kb_24_Normalized,25612,124,True
kb_25_Normalized,25662,118,True
kb_142_Normalized,25678,118,True
kb_325_Normalized,25713,124,True
kb_139_Normalized,25741,119,True
kb_445_Normalized,25792,144,True
kb_863_Normalized,25829,122,True
kb_865_Normalized,25838,131,True
kb_444_Normalized,25873,133,True
kb_864_Normalized,25927,124,True
kb_694_Normalized,25969,123,True
kb_693_Normalized,26039,123,True
kb_326_Normalized,26040,124,True
kb_324_Normalized,26117,138,True
kb_91_Normalized,26158,117,True
kb_858_Normalized,26277,144,True
kb_305_Normalized,26351,131,True
kb_94_Normalized,26359,130,True
kb_304_Normalized,26409,131,True
kb_93_Normalized,26448,128,True
kb_861_Normalized,26463,126,True
kb_578_Normalized,26465,142,True
kb_92_Normalized,26481,140,True
kb_577_Normalized,26523,118,True
kb_860_Normalized,26552,132,True
kb_859_Normalized,26588,133,True
kb_530_Normalized,27128,132,True
kb_529_Normalized,27186,148,True
kb_1031_Normalized,27306,120,True
kb_1029_Normalized,27359,124,True
kb_1030_Normalized,27384,122,True
kb_162_Normalized,27461,126,True
kb_308_Normalized,27468,128,True
kb_307_Normalized,27548,123,True
kb_164_Normalized,27580,116,True
kb_163_Normalized,27658,129,True
kb_973_Normalized,27689,115,True
kb_767_Normalized,27733,123,True
kb_972_Normalized,27747,128,True
kb_766_Normalized,27826,121,True
kb_72_Normalized,27888,121,True
kb_71_Normalized,27971,130,True
kb_174_Normalized,28001,131,True
kb_176_Normalized,28072,122,True
kb_175_Normalized,28150,129,True
kb_398_Normalized,28303,122,True
kb_840_Normalized,28807,117,True
kb_494_Normalized,28822,118,True
kb_839_Normalized,28865,123,True
kb_496_Normalized,29102,120,True
kb_495_Normalized,29102,129,True
kb_901_Normalized,29432,120,True
kb_900_Normalized,29507,118,True
kb_95_Normalized,29771,121,True
kb_46_Normalized,29978,123,True
kb_96_Normalized,30053,128,True
kb_98_Normalized,30061,132,True
kb_45_Normalized,30067,127,True
kb_97_Normalized,30150,121,True
kb_336_Normalized,30404,120,True
kb_32_Normalized,30470,127,True
kb_335_Normalized,30474,126,True
kb_30_Normalized,30491,129,True
kb_899_Normalized,30498,129,True
kb_31_Normalized,30556,120,True
kb_328_Normalized,30716,134,True
kb_696_Normalized,30840,132,True
kb_695_Normalized,30910,139,True
kb_664_Normalized,30955,120,True
kb_663_Normalized,31013,121,True
kb_329_Normalized,31083,118,True
kb_327_Normalized,31160,124,True
kb_313_Normalized,31284,120,True
kb_312_Normalized,31342,118,True
kb_311_Normalized,32397,127,True
kb_310_Normalized,32477,118,True
kb_585_Normalized,32517,123,True
kb_438_Normalized,32567,127,True
kb_584_Normalized,32593,138,True
kb_437_Normalized,32648,134,True
kb_436_Normalized,32768,134,True
kb_771_Normalized,32924,121,True
kb_770_Normalized,33017,134,True
kb_969_Normalized,34937,141,True
kb_968_Normalized,34995,125,True
kb_1097_Normalized,35133,130,True
kb_1099_Normalized,35138,122,True
kb_1098_Normalized,35230,127,True
kb_363_Normalized,35757,128,True
kb_362_Normalized,35850,128,True
kb_668_Normalized,36144,120,True
kb_667_Normalized,36202,115,True
kb_567_Normalized,36267,127,True
kb_569_Normalized,36270,135,True
kb_568_Normalized,36362,124,True
kb_202_Normalized,36894,126,False
kb_594_Normalized,37556,121,True
kb_450_Normalized,37614,120,True
kb_593_Normalized,37632,118,True
kb_449_Normalized,37695,132,True
kb_448_Normalized,37808,122,True
kb_721_Normalized,39365,131,True
kb_720_Normalized,39435,120,True
kb_204_Normalized,39535,120,True
kb_203_Normalized,39535,131,True
kb_979_Normalized,39924,121,True
kb_978_Normalized,39982,131,True
kb_1100_Normalized,40291,117,True
kb_1102_Normalized,40311,122,True
kb_1101_Normalized,40403,137,True
kb_367_Normalized,40841,127,True
kb_366_Normalized,40934,139,True
kb_607_Normalized,41282,128,True
kb_606_Normalized,41340,136,True
kb_570_Normalized,41411,116,True
kb_572_Normalized,41429,141,True
kb_571_Normalized,41521,116,True
kb_323_Normalized,43828,127,True
kb_322_Normalized,43828,133,True
kb_724_Normalized,44424,115,True
kb_723_Normalized,44494,121,True
kb_120_Normalized,44653,133,True
kb_119_Normalized,44653,134,True
kb_621_Normalized,46296,126,True
kb_620_Normalized,46354,122,True
kb_390_Normalized,48898,122,True
kb_392_Normalized,52671,123,True
kb_391_Normalized,52746,149,True
kb_399_Normalized,53971,138,True
kb_401_Normalized,57748,123,True
kb_400_Normalized,57823,119,True
kb_678_Normalized,58217,131,True
kb_677_Normalized,58217,131,True
kb_190_Normalized,59083,140,True
kb_1116_Normalized,59995,122,True
kb_1115_Normalized,59995,130,True
kb_1114_Normalized,59995,132,True
kb_1113_Normalized,59995,130,True
kb_1117_Normalized,61106,130,True
kb_1120_Normalized,61116,135,True
kb_1119_Normalized,61116,134,True
kb_1118_Normalized,61118,132,True
kb_192_Normalized,61830,186,True
kb_191_Normalized,61914,123,True
kb_196_Normalized,64165,130,False
kb_198_Normalized,66927,122,True
kb_197_Normalized,67011,127,True
kb_1104_Normalized,70464,129,True
kb_1103_Normalized,70464,128,True
kb_662_Normalized,78689,129,True
kb_661_Normalized,78747,143,True
kb_1108_Normalized,82665,122,True
kb_1105_Normalized,82688,128,True
kb_1107_Normalized,82743,127,True
kb_1106_Normalized,82753,120,True
kb_676_Normalized,83817,125,True
kb_675_Normalized,83875,124,True
kb_714_Normalized,85599,141,True
kb_713_Normalized,85599,123,True
kb_1112_Normalized,87793,118,True
kb_1109_Normalized,87801,119,True
kb_1111_Normalized,87871,153,True
kb_1110_Normalized,87884,140,True
kb_710_Normalized,103644,155,True
kb_709_Normalized,103724,161,True
kb_712_Normalized,108655,120,True
kb_711_Normalized,108735,121,True
kb_735_Normalized,173259,122,True
kb_734_Normalized,173259,160,True
kb_743_Normalized,190224,200,True
kb_742_Normalized,190224,124,True
kb_809_Normalized,192347,192,True
kb_808_Normalized,192347,121,True
kb_807_Normalized,192347,122,True
kb_806_Normalized,192347,121,True
kb_739_Normalized,192372,144,True
kb_738_Normalized,192430,163,True
kb_821_Normalized,192561,177,True
kb_820_Normalized,192561,167,True
kb_485_Normalized,194742,138,True
kb_484_Normalized,194742,194,True
kb_240_Normalized,194805,128,True
kb_237_Normalized,194805,172,True
kb_490_Normalized,195736,124,True
kb_489_Normalized,195736,153,True
kb_488_Normalized,195736,129,True
kb_273_Normalized,196241,157,True
kb_269_Normalized,196241,193,True
kb_741_Normalized,197353,263,True
kb_740_Normalized,197411,121,True
kb_151_Normalized,198385,144,True
kb_150_Normalized,198385,133,True
kb_149_Normalized,198413,202,True
kb_797_Normalized,198702,128,True
kb_794_Normalized,198765,161,True
kb_815_Normalized,199025,196,True
kb_814_Normalized,199083,159,True
kb_479_Normalized,201012,123,True
kb_478_Normalized,201076,128,True
kb_228_Normalized,202601,182,True
kb_225_Normalized,202664,162,True
kb_255_Normalized,202912,137,True
kb_251_Normalized,202975,137,True
kb_805_Normalized,203809,142,True
kb_802_Normalized,203872,214,True
kb_145_Normalized,204148,129,True
kb_819_Normalized,204207,190,True
kb_144_Normalized,204218,134,True
kb_143_Normalized,204240,153,True
kb_818_Normalized,204265,173,True
kb_483_Normalized,205992,127,True
kb_482_Normalized,206056,234,True
kb_1011_Normalized,206636,135,True
kb_1008_Normalized,206636,150,True
kb_236_Normalized,207611,120,True
kb_233_Normalized,207674,177,True
kb_265_Normalized,207828,239,True
kb_261_Normalized,207891,137,True
kb_684_Normalized,208085,191,True
kb_683_Normalized,208143,188,True
kb_148_Normalized,209175,121,True
kb_147_Normalized,209245,134,True
kb_146_Normalized,209264,130,True
kb_708_Normalized,213137,122,True
kb_707_Normalized,213195,121,True
kb_999_Normalized,213666,125,True
kb_996_Normalized,213729,212,True
kb_1007_Normalized,218468,122,True
kb_1004_Normalized,218531,122,True
kb_1161_Normalized,1157933,141,True
